Model,R-Squared,Mean Squared Error,Mean Absolute Error,Root Mean Squared Error
Multiple Linear Regression,0.5811843526898337,2146088079719227.5,31743534.21760497,46325889.95064452
Basic Random Forest before optimization,0.6797875941774495,1640827011902595.2,24852675.706146006,40507122.97735542
Optimized Random Forest,0.9999523901916044,270943794941.8908,52445.014493838535,520522.61712810403
